"State","State.Code","Year","Year.Code","Deaths","Population","Crude.Rate","YoY"
"Alabama",1,1999,1999,787,4430141,17.8,NA
"Alabama",1,2000,2000,764,4447100,17.2,-0.0301047120418848
"Alabama",1,2001,2001,737,4467634,16.5,-0.0366350067842605
"Alabama",1,2002,2002,724,4480089,16.2,-0.0179558011049724
"Alabama",1,2003,2003,764,4503491,17,0.0523560209424084
"Alabama",1,2004,2004,677,4530729,14.9,-0.128508124076809
"Alabama",1,2005,2005,731,4569805,16,0.0738714090287278
"Alabama",1,2006,2006,778,4628981,16.8,0.0604113110539846
"Alabama",1,2007,2007,811,4672840,17.4,0.0406905055487053
"Alabama",1,2008,2008,819,4718206,17.4,0.00976800976800977
"Alabama",1,2009,2009,829,4757938,17.4,0.0120627261761158
"Alabama",1,2010,2010,781,4779736,16.3,-0.0614596670934699
"Alabama",1,2011,2011,784,4802740,16.3,0.0038265306122449
"Alabama",1,2012,2012,829,4822023,17.2,0.0542822677925211
"Alabama",1,2013,2013,853,4833722,17.6,0.0281359906213365
"Alabama",1,2014,2014,809,4849377,16.7,-0.0543881334981459
"Alabama",1,2015,2015,953,4858979,19.6,0.151101783840504
"Alabama",1,2016,2016,1034,4863300,21.3,0.0783365570599613
"Alabama",1,2017,2017,1116,4874747,22.9,0.0734767025089606
"Alabama",1,2018,2018,1060,4887871,21.7,-0.0528301886792453
"Alabama",1,2019,2019,1071,4903185,21.8,0.0102707749766573
"Alabama",1,2020,2020,1135,4921532,23.1,0.0563876651982379
"Alabama",1,2021,2021,1304,5039877,25.9,0.129601226993865
"Alaska",2,1999,1999,87,624779,13.9,NA
"Alaska",2,2000,2000,115,626932,18.3,0.243478260869565
"Alaska",2,2001,2001,95,633714,15,-0.210526315789474
"Alaska",2,2002,2002,125,642337,19.5,0.24
"Alaska",2,2003,2003,120,648414,18.5,-0.0416666666666667
"Alaska",2,2004,2004,116,659286,17.6,-0.0344827586206897
"Alaska",2,2005,2005,116,666946,17.4,0
"Alaska",2,2006,2006,111,675302,16.4,-0.045045045045045
"Alaska",2,2007,2007,120,680300,17.6,0.075
"Alaska",2,2008,2008,139,687455,20.2,0.136690647482014
"Alaska",2,2009,2009,102,698895,14.6,-0.362745098039216
"Alaska",2,2010,2010,143,710231,20.1,0.286713286713287
"Alaska",2,2011,2011,125,722718,17.3,-0.144
"Alaska",2,2012,2012,129,731449,17.6,0.0310077519379845
"Alaska",2,2013,2013,144,735132,19.6,0.104166666666667
"Alaska",2,2014,2014,145,736732,19.7,0.00689655172413793
"Alaska",2,2015,2015,175,738432,23.7,0.171428571428571
"Alaska",2,2016,2016,171,741894,23,-0.0233918128654971
"Alaska",2,2017,2017,175,739795,23.7,0.0228571428571429
"Alaska",2,2018,2018,151,737438,20.5,-0.158940397350993
"Alaska",2,2019,2019,175,731545,23.9,0.137142857142857
"Alaska",2,2020,2020,170,731158,23.3,-0.0294117647058824
"Alaska",2,2021,2021,181,732673,24.7,0.0607734806629834
"Arizona",4,1999,1999,805,5023823,16,NA
"Arizona",4,2000,2000,788,5130632,15.4,-0.0215736040609137
"Arizona",4,2001,2001,829,5273477,15.7,0.0494571773220748
"Arizona",4,2002,2002,953,5396255,17.7,0.130115424973767
"Arizona",4,2003,2003,837,5510364,15.2,-0.138590203106332
"Arizona",4,2004,2004,879,5652404,15.6,0.0477815699658703
"Arizona",4,2005,2005,927,5839077,15.9,0.0517799352750809
"Arizona",4,2006,2006,973,6029141,16.1,0.0472764645426516
"Arizona",4,2007,2007,937,6167681,15.2,-0.0384204909284952
"Arizona",4,2008,2008,898,6280362,14.3,-0.0434298440979955
"Arizona",4,2009,2009,849,6343154,13.4,-0.0577149587750294
"Arizona",4,2010,2010,919,6392017,14.4,0.0761697497279652
"Arizona",4,2011,2011,952,6482505,14.7,0.0346638655462185
"Arizona",4,2012,2012,933,6553255,14.2,-0.0203644158628081
"Arizona",4,2013,2013,928,6626624,14,-0.00538793103448276
"Arizona",4,2014,2014,915,6731484,13.6,-0.014207650273224
"Arizona",4,2015,2015,956,6828065,14,0.0428870292887029
"Arizona",4,2016,2016,1081,6931071,15.6,0.115633672525439
"Arizona",4,2017,2017,1124,7016270,16,0.0382562277580071
"Arizona",4,2018,2018,1122,7171646,15.6,-0.0017825311942959
"Arizona",4,2019,2019,1123,7278717,15.4,0.000890471950133571
"Arizona",4,2020,2020,1235,7421401,16.6,0.0906882591093117
"Arizona",4,2021,2021,1339,7276316,18.4,0.0776699029126214
"Arkansas",5,1999,1999,383,2651860,14.4,NA
"Arkansas",5,2000,2000,412,2673400,15.4,0.0703883495145631
"Arkansas",5,2001,2001,406,2691571,15.1,-0.0147783251231527
"Arkansas",5,2002,2002,438,2705927,16.2,0.0730593607305936
"Arkansas",5,2003,2003,404,2724816,14.8,-0.0841584158415842
"Arkansas",5,2004,2004,400,2749686,14.5,-0.01
"Arkansas",5,2005,2005,437,2781097,15.7,0.0846681922196796
"Arkansas",5,2006,2006,424,2821761,15,-0.0306603773584906
"Arkansas",5,2007,2007,423,2848650,14.8,-0.00236406619385343
"Arkansas",5,2008,2008,444,2874554,15.4,0.0472972972972973
"Arkansas",5,2009,2009,463,2896843,16,0.041036717062635
"Arkansas",5,2010,2010,417,2915918,14.3,-0.11031175059952
"Arkansas",5,2011,2011,458,2937979,15.6,0.0895196506550218
"Arkansas",5,2012,2012,485,2949131,16.4,0.0556701030927835
"Arkansas",5,2013,2013,499,2959373,16.9,0.0280561122244489
"Arkansas",5,2014,2014,496,2966369,16.7,-0.00604838709677419
"Arkansas",5,2015,2015,517,2978204,17.4,0.0406189555125725
"Arkansas",5,2016,2016,535,2988248,17.9,0.0336448598130841
"Arkansas",5,2017,2017,607,3004279,20.2,0.118616144975288
"Arkansas",5,2018,2018,559,3013825,18.5,-0.0858676207513417
"Arkansas",5,2019,2019,571,3017804,18.9,0.021015761821366
"Arkansas",5,2020,2020,667,3030522,22,0.143928035982009
"Arkansas",5,2021,2021,691,3025891,22.8,0.0347322720694645
"California",6,1999,1999,2990,33499204,8.9,NA
"California",6,2000,2000,3046,33871648,9,0.0183847669074196
"California",6,2001,2001,3142,34479458,9.1,0.0305537873965627
"California",6,2002,2002,3360,34871843,9.6,0.0648809523809524
"California",6,2003,2003,3388,35253159,9.6,0.00826446280991736
"California",6,2004,2004,3240,35574576,9.1,-0.045679012345679
"California",6,2005,2005,3368,35827943,9.4,0.0380047505938242
"California",6,2006,2006,3276,36021202,9.1,-0.0280830280830281
"California",6,2007,2007,3188,36250311,8.8,-0.027603513174404
"California",6,2008,2008,3101,36604337,8.5,-0.0280554659787165
"California",6,2009,2009,3027,36961229,8.2,-0.0244466468450611
"California",6,2010,2010,2871,37253956,7.7,-0.0543364681295716
"California",6,2011,2011,2921,37691912,7.7,0.0171174255391989
"California",6,2012,2012,2956,38041430,7.8,0.0118403247631935
"California",6,2013,2013,2929,38332521,7.6,-0.00921816319562991
"California",6,2014,2014,2853,38802500,7.4,-0.0266386260077112
"California",6,2015,2015,2992,39144818,7.6,0.0464572192513369
"California",6,2016,2016,3110,39250017,7.9,0.0379421221864952
"California",6,2017,2017,3098,39536653,7.8,-0.00387346675274371
"California",6,2018,2018,2959,39557045,7.5,-0.0469753295032105
"California",6,2019,2019,2869,39512223,7.3,-0.0313698152666434
"California",6,2020,2020,3350,39368078,8.5,0.143582089552239
"California",6,2021,2021,3487,39237836,8.9,0.0392887869228563
"Colorado",8,1999,1999,446,4226018,10.6,NA
"Colorado",8,2000,2000,440,4301261,10.2,-0.0136363636363636
"Colorado",8,2001,2001,503,4425687,11.4,0.125248508946322
"Colorado",8,2002,2002,508,4490406,11.3,0.00984251968503937
"Colorado",8,2003,2003,491,4528732,10.8,-0.0346232179226069
"Colorado",8,2004,2004,542,4575013,11.8,0.0940959409594096
"Colorado",8,2005,2005,525,4631888,11.3,-0.0323809523809524
"Colorado",8,2006,2006,489,4720423,10.4,-0.0736196319018405
"Colorado",8,2007,2007,499,4803868,10.4,0.0200400801603206
"Colorado",8,2008,2008,508,4889730,10.4,0.0177165354330709
"Colorado",8,2009,2009,575,4972195,11.6,0.116521739130435
"Colorado",8,2010,2010,538,5029196,10.7,-0.0687732342007435
"Colorado",8,2011,2011,561,5116796,11,0.0409982174688057
"Colorado",8,2012,2012,666,5187582,12.8,0.157657657657658
"Colorado",8,2013,2013,611,5268367,11.6,-0.0900163666121113
"Colorado",8,2014,2014,653,5355866,12.2,0.0643185298621746
"Colorado",8,2015,2015,689,5456574,12.6,0.0522496371552975
"Colorado",8,2016,2016,793,5540545,14.3,0.131147540983607
"Colorado",8,2017,2017,760,5607154,13.6,-0.043421052631579
"Colorado",8,2018,2018,864,5695564,15.2,0.12037037037037
"Colorado",8,2019,2019,825,5758736,14.3,-0.0472727272727273
"Colorado",8,2020,2020,900,5807719,15.5,0.0833333333333333
"Colorado",8,2021,2021,1035,5812069,17.8,0.130434782608696
"Connecticut",9,1999,1999,197,3386401,5.8,NA
"Connecticut",9,2000,2000,179,3405565,5.3,-0.100558659217877
"Connecticut",9,2001,2001,191,3432835,5.6,0.06282722513089
"Connecticut",9,2002,2002,146,3458749,4.2,-0.308219178082192
"Connecticut",9,2003,2003,153,3484336,4.4,0.0457516339869281
"Connecticut",9,2004,2004,172,3496094,4.9,0.11046511627907
"Connecticut",9,2005,2005,187,3506956,5.3,0.0802139037433155
"Connecticut",9,2006,2006,173,3517460,4.9,-0.0809248554913295
"Connecticut",9,2007,2007,149,3527270,4.2,-0.161073825503356
"Connecticut",9,2008,2008,199,3545579,5.6,0.251256281407035
"Connecticut",9,2009,2009,173,3561807,4.9,-0.15028901734104
"Connecticut",9,2010,2010,209,3574097,5.8,0.172248803827751
"Connecticut",9,2011,2011,210,3580709,5.9,0.00476190476190476
"Connecticut",9,2012,2012,227,3590347,6.3,0.0748898678414097
"Connecticut",9,2013,2013,158,3596080,4.4,-0.436708860759494
"Connecticut",9,2014,2014,187,3596677,5.2,0.155080213903743
"Connecticut",9,2015,2015,186,3590886,5.2,-0.00537634408602151
"Connecticut",9,2016,2016,169,3576452,4.7,-0.100591715976331
"Connecticut",9,2017,2017,184,3588184,5.1,0.0815217391304348
"Connecticut",9,2018,2018,184,3572665,5.2,0
"Connecticut",9,2019,2019,186,3565287,5.2,0.010752688172043
"Connecticut",9,2020,2020,214,3557006,6,0.130841121495327
"Connecticut",9,2021,2021,244,3605597,6.8,0.122950819672131
"Delaware",10,1999,1999,64,774990,8.3,NA
"Delaware",10,2000,2000,51,783600,6.5,-0.254901960784314
"Delaware",10,2001,2001,75,795699,9.4,0.32
"Delaware",10,2002,2002,73,806169,9.1,-0.0273972602739726
"Delaware",10,2003,2003,64,818003,7.8,-0.140625
"Delaware",10,2004,2004,74,830803,8.9,0.135135135135135
"Delaware",10,2005,2005,75,845150,8.9,0.0133333333333333
"Delaware",10,2006,2006,76,859268,8.8,0.0131578947368421
"Delaware",10,2007,2007,78,871749,8.9,0.0256410256410256
"Delaware",10,2008,2008,95,883874,10.7,0.178947368421053
"Delaware",10,2009,2009,74,891730,8.3,-0.283783783783784
"Delaware",10,2010,2010,88,897934,9.8,0.159090909090909
"Delaware",10,2011,2011,77,907135,8.5,-0.142857142857143
"Delaware",10,2012,2012,92,917092,10,0.16304347826087
"Delaware",10,2013,2013,99,925749,10.7,0.0707070707070707
"Delaware",10,2014,2014,98,935614,10.5,-0.0102040816326531
"Delaware",10,2015,2015,110,945934,11.6,0.109090909090909
"Delaware",10,2016,2016,111,952065,11.7,0.00900900900900901
"Delaware",10,2017,2017,108,961939,11.2,-0.0277777777777778
"Delaware",10,2018,2018,107,967171,11.1,-0.00934579439252336
"Delaware",10,2019,2019,91,973764,9.3,-0.175824175824176
"Delaware",10,2020,2020,134,986809,13.6,0.32089552238806
"Delaware",10,2021,2021,156,1003384,15.5,0.141025641025641
"District of Columbia",11,1999,1999,159,570213,27.9,NA
"District of Columbia",11,2000,2000,148,572059,25.9,-0.0743243243243243
"District of Columbia",11,2001,2001,166,574504,28.9,0.108433734939759
"District of Columbia",11,2002,2002,195,573158,34,0.148717948717949
"District of Columbia",11,2003,2003,167,568502,29.4,-0.167664670658683
"District of Columbia",11,2004,2004,143,567754,25.2,-0.167832167832168
"District of Columbia",11,2005,2005,153,567136,27,0.065359477124183
"District of Columbia",11,2006,2006,133,570681,23.3,-0.150375939849624
"District of Columbia",11,2007,2007,141,574404,24.5,0.0567375886524823
"District of Columbia",11,2008,2008,134,580236,23.1,-0.0522388059701493
"District of Columbia",11,2009,2009,109,592228,18.4,-0.229357798165138
"District of Columbia",11,2010,2010,99,601723,16.5,-0.101010101010101
"District of Columbia",11,2011,2011,84,617996,13.6,-0.178571428571429
"District of Columbia",11,2012,2012,65,632323,10.3,-0.292307692307692
"District of Columbia",11,2013,2013,67,646449,10.4,0.0298507462686567
"District of Columbia",11,2014,2014,81,658893,12.3,0.172839506172839
"District of Columbia",11,2015,2015,116,672228,17.3,0.301724137931034
"District of Columbia",11,2016,2016,103,681170,15.1,-0.12621359223301
"District of Columbia",11,2017,2017,99,693972,14.3,-0.0404040404040404
"District of Columbia",11,2018,2018,125,702455,17.8,0.208
"District of Columbia",11,2019,2019,140,705749,19.8,0.107142857142857
"District of Columbia",11,2020,2020,166,712816,23.3,0.156626506024096
"District of Columbia",11,2021,2021,183,670050,27.3,0.092896174863388
"Florida",12,1999,1999,1709,15759421,10.8,NA
"Florida",12,2000,2000,1677,15982378,10.5,-0.0190816935002982
"Florida",12,2001,2001,1807,16356966,11,0.0719424460431655
"Florida",12,2002,2002,1874,16689370,11.2,0.035752401280683
"Florida",12,2003,2003,1932,17004085,11.4,0.0300207039337474
"Florida",12,2004,2004,1879,17415318,10.8,-0.0282064928153273
"Florida",12,2005,2005,1824,17842038,10.2,-0.0301535087719298
"Florida",12,2006,2006,2065,18166990,11.4,0.116707021791768
"Florida",12,2007,2007,2251,18367842,12.3,0.0826299422478898
"Florida",12,2008,2008,2316,18527305,12.5,0.0280656303972366
"Florida",12,2009,2009,2306,18652644,12.4,-0.00433651344319167
"Florida",12,2010,2010,2251,18801310,12,-0.0244335850733008
"Florida",12,2011,2011,2355,19057542,12.4,0.0441613588110403
"Florida",12,2012,2012,2449,19317568,12.7,0.0383830134748877
"Florida",12,2013,2013,2415,19552860,12.4,-0.0140786749482402
"Florida",12,2014,2014,2387,19893297,12,-0.0117302052785924
"Florida",12,2015,2015,2543,20271272,12.5,0.0613448682658278
"Florida",12,2016,2016,2690,20612439,13.1,0.0546468401486989
"Florida",12,2017,2017,2706,20984400,12.9,0.00591278640059128
"Florida",12,2018,2018,2878,21299325,13.5,0.0597637248088951
"Florida",12,2019,2019,2847,21477737,13.3,-0.0108886547242712
"Florida",12,2020,2020,2992,21733312,13.8,0.0484625668449198
"Florida",12,2021,2021,3117,21781128,14.3,0.040102662816811
"Georgia",13,1999,1999,1099,8045965,13.7,NA
"Georgia",13,2000,2000,1090,8186453,13.3,-0.00825688073394495
"Georgia",13,2001,2001,1115,8377038,13.3,0.0224215246636771
"Georgia",13,2002,2002,1118,8508256,13.1,0.00268336314847943
"Georgia",13,2003,2003,1167,8622793,13.5,0.0419880034275921
"Georgia",13,2004,2004,1055,8769252,12,-0.106161137440758
"Georgia",13,2005,2005,1054,8925922,11.8,-0.00094876660341556
"Georgia",13,2006,2006,1124,9155813,12.3,0.0622775800711744
"Georgia",13,2007,2007,1234,9349988,13.2,0.0891410048622366
"Georgia",13,2008,2008,1167,9504843,12.3,-0.0574121679520137
"Georgia",13,2009,2009,1237,9620846,12.9,0.0565885206143897
"Georgia",13,2010,2010,1216,9687653,12.6,-0.0172697368421053
"Georgia",13,2011,2011,1218,9815210,12.4,0.00164203612479475
"Georgia",13,2012,2012,1273,9919945,12.8,0.0432050274941084
"Georgia",13,2013,2013,1248,9992167,12.5,-0.0200320512820513
"Georgia",13,2014,2014,1381,10097343,13.7,0.0963070238957277
"Georgia",13,2015,2015,1432,10214860,14,0.0356145251396648
"Georgia",13,2016,2016,1557,10310371,15.1,0.0802825947334618
"Georgia",13,2017,2017,1603,10429379,15.4,0.0286961946350593
"Georgia",13,2018,2018,1655,10519475,15.7,0.0314199395770393
"Georgia",13,2019,2019,1682,10617423,15.8,0.0160523186682521
"Georgia",13,2020,2020,1874,10710017,17.5,0.102454642475987
"Georgia",13,2021,2021,2178,10799566,20.2,0.139577594123049
"Hawaii",15,1999,1999,42,1210300,3.5,NA
"Hawaii",15,2000,2000,51,1211537,4.2,0.176470588235294
"Hawaii",15,2001,2001,44,1225948,3.6,-0.159090909090909
"Hawaii",15,2002,2002,36,1239613,2.9,-0.222222222222222
"Hawaii",15,2003,2003,36,1251154,2.9,0
"Hawaii",15,2004,2004,39,1273569,3.1,0.0769230769230769
"Hawaii",15,2005,2005,28,1292729,2.2,-0.392857142857143
"Hawaii",15,2006,2006,32,1309731,2.4,0.125
"Hawaii",15,2007,2007,36,1315675,2.7,0.111111111111111
"Hawaii",15,2008,2008,40,1332213,3,0.1
"Hawaii",15,2009,2009,46,1346717,3.4,0.130434782608696
"Hawaii",15,2010,2010,45,1360301,3.3,-0.0222222222222222
"Hawaii",15,2011,2011,45,1374810,3.3,0
"Hawaii",15,2012,2012,49,1392313,3.5,0.0816326530612245
"Hawaii",15,2013,2013,36,1404054,2.6,-0.361111111111111
"Hawaii",15,2014,2014,39,1419561,2.7,0.0769230769230769
"Hawaii",15,2015,2015,53,1431603,3.7,0.264150943396226
"Hawaii",15,2016,2016,62,1428557,4.3,0.145161290322581
"Hawaii",15,2017,2017,36,1427538,2.5,-0.722222222222222
"Hawaii",15,2018,2018,53,1420491,3.7,0.320754716981132
"Hawaii",15,2019,2019,56,1415872,4,0.0535714285714286
"Hawaii",15,2020,2020,49,1407006,3.5,-0.142857142857143
"Hawaii",15,2021,2021,68,1441553,4.7,0.279411764705882
"Idaho",16,1999,1999,151,1275674,11.8,NA
"Idaho",16,2000,2000,125,1293953,9.7,-0.208
"Idaho",16,2001,2001,171,1319962,13,0.269005847953216
"Idaho",16,2002,2002,161,1340372,12,-0.062111801242236
"Idaho",16,2003,2003,162,1363380,11.9,0.00617283950617284
"Idaho",16,2004,2004,174,1391802,12.5,0.0689655172413793
"Idaho",16,2005,2005,194,1428241,13.6,0.103092783505155
"Idaho",16,2006,2006,177,1468669,12.1,-0.096045197740113
"Idaho",16,2007,2007,183,1505105,12.2,0.0327868852459016
"Idaho",16,2008,2008,169,1534320,11,-0.0828402366863905
"Idaho",16,2009,2009,192,1554439,12.4,0.119791666666667
"Idaho",16,2010,2010,198,1567582,12.6,0.0303030303030303
"Idaho",16,2011,2011,190,1584985,12,-0.0421052631578947
"Idaho",16,2012,2012,203,1595728,12.7,0.0640394088669951
"Idaho",16,2013,2013,224,1612136,13.9,0.09375
"Idaho",16,2014,2014,209,1634464,12.8,-0.0717703349282297
"Idaho",16,2015,2015,243,1654930,14.7,0.139917695473251
"Idaho",16,2016,2016,236,1683140,14,-0.0296610169491525
"Idaho",16,2017,2017,277,1716943,16.1,0.148014440433213
"Idaho",16,2018,2018,287,1754208,16.4,0.0348432055749129
"Idaho",16,2019,2019,248,1787065,13.9,-0.157258064516129
"Idaho",16,2020,2020,312,1826913,17.1,0.205128205128205
"Idaho",16,2021,2021,298,1900923,15.7,-0.0469798657718121
"Illinois",17,1999,1999,1204,12359020,9.7,NA
"Illinois",17,2000,2000,1126,12419293,9.1,-0.0692717584369449
"Illinois",17,2001,2001,1280,12488445,10.2,0.1203125
"Illinois",17,2002,2002,1225,12525556,9.8,-0.0448979591836735
"Illinois",17,2003,2003,1138,12556006,9.1,-0.0764499121265378
"Illinois",17,2004,2004,989,12589773,7.9,-0.150657229524773
"Illinois",17,2005,2005,1018,12609903,8.1,0.0284872298624754
"Illinois",17,2006,2006,1032,12643955,8.2,0.0135658914728682
"Illinois",17,2007,2007,1025,12695866,8.1,-0.00682926829268293
"Illinois",17,2008,2008,1094,12747038,8.6,0.0630712979890311
"Illinois",17,2009,2009,1048,12796778,8.2,-0.0438931297709924
"Illinois",17,2010,2010,1054,12830632,8.2,0.00569259962049336
"Illinois",17,2011,2011,1097,12869257,8.5,0.0391978122151322
"Illinois",17,2012,2012,1164,12875255,9,0.0575601374570447
"Illinois",17,2013,2013,1101,12882135,8.5,-0.0572207084468665
"Illinois",17,2014,2014,1169,12880580,9.1,0.058169375534645
"Illinois",17,2015,2015,1209,12859995,9.4,0.033085194375517
"Illinois",17,2016,2016,1474,12801539,11.5,0.179782903663501
"Illinois",17,2017,2017,1533,12802023,12,0.0384866275277234
"Illinois",17,2018,2018,1373,12741080,10.8,-0.116533139111435
"Illinois",17,2019,2019,1362,12671821,10.7,-0.00807635829662261
"Illinois",17,2020,2020,1736,12587530,13.8,0.215437788018433
"Illinois",17,2021,2021,1977,12671469,15.6,0.121901871522509
"Indiana",18,1999,1999,672,6044969,11.1,NA
"Indiana",18,2000,2000,662,6080485,10.9,-0.0151057401812689
"Indiana",18,2001,2001,726,6127760,11.8,0.0881542699724518
"Indiana",18,2002,2002,717,6155967,11.6,-0.0125523012552301
"Indiana",18,2003,2003,687,6196638,11.1,-0.0436681222707424
"Indiana",18,2004,2004,631,6233007,10.1,-0.0887480190174326
"Indiana",18,2005,2005,695,6278616,11.1,0.0920863309352518
"Indiana",18,2006,2006,734,6332669,11.6,0.053133514986376
"Indiana",18,2007,2007,665,6379599,10.4,-0.103759398496241
"Indiana",18,2008,2008,716,6424806,11.1,0.0712290502793296
"Indiana",18,2009,2009,731,6459325,11.3,0.0205198358413133
"Indiana",18,2010,2010,704,6483802,10.9,-0.0383522727272727
"Indiana",18,2011,2011,628,6516922,9.6,-0.121019108280255
"Indiana",18,2012,2012,787,6537334,12,0.202033036848793
"Indiana",18,2013,2013,842,6570902,12.8,0.0653206650831354
"Indiana",18,2014,2014,809,6596855,12.3,-0.0407911001236094
"Indiana",18,2015,2015,834,6619680,12.6,0.0299760191846523
"Indiana",18,2016,2016,986,6633053,14.9,0.154158215010142
"Indiana",18,2017,2017,1003,6666818,15,0.0169491525423729
"Indiana",18,2018,2018,968,6691878,14.5,-0.0361570247933884
"Indiana",18,2019,2019,952,6732219,14.1,-0.0168067226890756
"Indiana",18,2020,2020,1141,6754953,16.9,0.165644171779141
"Indiana",18,2021,2021,1241,6805985,18.2,0.08058017727639
"Iowa",19,1999,1999,198,2917634,6.8,NA
"Iowa",19,2000,2000,188,2926324,6.4,-0.0531914893617021
"Iowa",19,2001,2001,188,2931997,6.4,0
"Iowa",19,2002,2002,195,2934234,6.6,0.0358974358974359
"Iowa",19,2003,2003,206,2941999,7,0.0533980582524272
"Iowa",19,2004,2004,189,2953635,6.4,-0.0899470899470899
"Iowa",19,2005,2005,198,2964454,6.7,0.0454545454545455
"Iowa",19,2006,2006,193,2982644,6.5,-0.0259067357512953
"Iowa",19,2007,2007,154,2999212,5.1,-0.253246753246753
"Iowa",19,2008,2008,222,3016734,7.4,0.306306306306306
"Iowa",19,2009,2009,191,3032870,6.3,-0.162303664921466
"Iowa",19,2010,2010,213,3046355,7,0.103286384976526
"Iowa",19,2011,2011,219,3062309,7.2,0.0273972602739726
"Iowa",19,2012,2012,216,3074186,7,-0.0138888888888889
"Iowa",19,2013,2013,251,3090416,8.1,0.139442231075697
"Iowa",19,2014,2014,235,3107126,7.6,-0.0680851063829787
"Iowa",19,2015,2015,244,3123899,7.8,0.0368852459016393
"Iowa",19,2016,2016,287,3134693,9.2,0.149825783972125
"Iowa",19,2017,2017,291,3145711,9.3,0.013745704467354
"Iowa",19,2018,2018,281,3156145,8.9,-0.0355871886120996
"Iowa",19,2019,2019,290,3155070,9.2,0.0310344827586207
"Iowa",19,2020,2020,350,3163561,11.1,0.171428571428571
"Iowa",19,2021,2021,363,3193079,11.4,0.0358126721763085
"Kansas",20,1999,1999,268,2678338,10,NA
"Kansas",20,2000,2000,299,2688418,11.1,0.103678929765886
"Kansas",20,2001,2001,265,2702162,9.8,-0.128301886792453
"Kansas",20,2002,2002,268,2713535,9.9,0.0111940298507463
"Kansas",20,2003,2003,298,2723004,10.9,0.100671140939597
"Kansas",20,2004,2004,292,2734373,10.7,-0.0205479452054795
"Kansas",20,2005,2005,255,2745299,9.3,-0.145098039215686
"Kansas",20,2006,2006,291,2762931,10.5,0.123711340206186
"Kansas",20,2007,2007,288,2783785,10.3,-0.0104166666666667
"Kansas",20,2008,2008,275,2808076,9.8,-0.0472727272727273
"Kansas",20,2009,2009,300,2832704,10.6,0.0833333333333333
"Kansas",20,2010,2010,292,2853118,10.2,-0.0273972602739726
"Kansas",20,2011,2011,323,2871238,11.2,0.0959752321981424
"Kansas",20,2012,2012,372,2885905,12.9,0.131720430107527
"Kansas",20,2013,2013,328,2893957,11.3,-0.134146341463415
"Kansas",20,2014,2014,319,2904021,11,-0.0282131661442006
"Kansas",20,2015,2015,325,2911641,11.2,0.0184615384615385
"Kansas",20,2016,2016,381,2907289,13.1,0.146981627296588
"Kansas",20,2017,2017,463,2913123,15.9,0.177105831533477
"Kansas",20,2018,2018,423,2911505,14.5,-0.0945626477541371
"Kansas",20,2019,2019,397,2913314,13.6,-0.0654911838790932
"Kansas",20,2020,2020,491,2913805,16.9,0.191446028513238
"Kansas",20,2021,2021,502,2934582,17.1,0.0219123505976096
"Kentucky",21,1999,1999,523,4018053,13,NA
"Kentucky",21,2000,2000,542,4041769,13.4,0.0350553505535055
"Kentucky",21,2001,2001,520,4068132,12.8,-0.0423076923076923
"Kentucky",21,2002,2002,543,4089875,13.3,0.0423572744014733
"Kentucky",21,2003,2003,555,4117170,13.5,0.0216216216216216
"Kentucky",21,2004,2004,548,4146101,13.2,-0.0127737226277372
"Kentucky",21,2005,2005,543,4182742,13,-0.00920810313075507
"Kentucky",21,2006,2006,527,4219239,12.5,-0.0303605313092979
"Kentucky",21,2007,2007,611,4256672,14.4,0.137479541734861
"Kentucky",21,2008,2008,576,4289878,13.4,-0.0607638888888889
"Kentucky",21,2009,2009,556,4317074,12.9,-0.0359712230215827
"Kentucky",21,2010,2010,551,4339367,12.7,-0.00907441016333938
"Kentucky",21,2011,2011,608,4369356,13.9,0.09375
"Kentucky",21,2012,2012,646,4380415,14.7,0.0588235294117647
"Kentucky",21,2013,2013,618,4395295,14.1,-0.0453074433656958
"Kentucky",21,2014,2014,629,4413457,14.3,0.0174880763116057
"Kentucky",21,2015,2015,684,4425092,15.5,0.0804093567251462
"Kentucky",21,2016,2016,757,4436974,17.1,0.0964332892998679
"Kentucky",21,2017,2017,718,4454189,16.1,-0.0543175487465181
"Kentucky",21,2018,2018,754,4468402,16.9,0.0477453580901857
"Kentucky",21,2019,2019,675,4467673,15.1,-0.117037037037037
"Kentucky",21,2020,2020,889,4477251,19.9,0.240719910011249
"Kentucky",21,2021,2021,938,4509394,20.8,0.0522388059701493
"Louisiana",22,1999,1999,774,4460811,17.4,NA
"Louisiana",22,2000,2000,787,4468976,17.6,0.0165184243964422
"Louisiana",22,2001,2001,779,4477875,17.4,-0.0102695763799743
"Louisiana",22,2002,2002,869,4497267,19.3,0.103567318757192
"Louisiana",22,2003,2003,841,4521042,18.6,-0.0332936979785969
"Louisiana",22,2004,2004,899,4552238,19.7,0.0645161290322581
"Louisiana",22,2005,2005,850,4576628,18.6,-0.0576470588235294
"Louisiana",22,2006,2006,828,4302665,19.2,-0.0265700483091787
"Louisiana",22,2007,2007,866,4375581,19.8,0.0438799076212471
"Louisiana",22,2008,2008,822,4435586,18.5,-0.0535279805352798
"Louisiana",22,2009,2009,807,4491648,18,-0.0185873605947955
"Louisiana",22,2010,2010,863,4533372,19,0.0648899188876014
"Louisiana",22,2011,2011,863,4574836,18.9,0
"Louisiana",22,2012,2012,842,4601893,18.3,-0.0249406175771971
"Louisiana",22,2013,2013,880,4625470,19,0.0431818181818182
"Louisiana",22,2014,2014,891,4649676,19.2,0.0123456790123457
"Louisiana",22,2015,2015,948,4670724,20.3,0.060126582278481
"Louisiana",22,2016,2016,985,4681666,21,0.0375634517766497
"Louisiana",22,2017,2017,997,4684333,21.3,0.0120361083249749
"Louisiana",22,2018,2018,987,4659978,21.2,-0.0101317122593718
"Louisiana",22,2019,2019,1006,4648794,21.6,0.0188866799204771
"Louisiana",22,2020,2020,1177,4645318,25.3,0.145284621920136
"Louisiana",22,2021,2021,1308,4624047,28.3,0.100152905198777
"Maine",23,1999,1999,111,1266808,8.8,NA
"Maine",23,2000,2000,110,1274923,8.6,-0.00909090909090909
"Maine",23,2001,2001,97,1285692,7.5,-0.134020618556701
"Maine",23,2002,2002,87,1295960,6.7,-0.114942528735632
"Maine",23,2003,2003,81,1306513,6.2,-0.0740740740740741
"Maine",23,2004,2004,108,1313688,8.2,0.25
"Maine",23,2005,2005,109,1318787,8.3,0.00917431192660551
"Maine",23,2006,2006,103,1323619,7.8,-0.058252427184466
"Maine",23,2007,2007,106,1327040,8,0.0283018867924528
"Maine",23,2008,2008,119,1330509,8.9,0.109243697478992
"Maine",23,2009,2009,121,1329590,9.1,0.0165289256198347
"Maine",23,2010,2010,109,1328361,8.2,-0.110091743119266
"Maine",23,2011,2011,130,1328188,9.8,0.161538461538462
"Maine",23,2012,2012,128,1329192,9.6,-0.015625
"Maine",23,2013,2013,154,1328302,11.6,0.168831168831169
"Maine",23,2014,2014,127,1330089,9.5,-0.21259842519685
"Maine",23,2015,2015,142,1329328,10.7,0.105633802816901
"Maine",23,2016,2016,122,1331479,9.2,-0.163934426229508
"Maine",23,2017,2017,165,1335907,12.4,0.260606060606061
"Maine",23,2018,2018,157,1338404,11.7,-0.0509554140127389
"Maine",23,2019,2019,160,1344212,11.9,0.01875
"Maine",23,2020,2020,150,1350141,11.1,-0.0666666666666667
"Maine",23,2021,2021,173,1372247,12.6,0.132947976878613
"Maryland",24,1999,1999,643,5254509,12.2,NA
"Maryland",24,2000,2000,604,5296486,11.4,-0.0645695364238411
"Maryland",24,2001,2001,598,5374691,11.1,-0.0100334448160535
"Maryland",24,2002,2002,607,5440389,11.2,0.014827018121911
"Maryland",24,2003,2003,640,5496269,11.6,0.0515625
"Maryland",24,2004,2004,648,5546935,11.7,0.0123456790123457
"Maryland",24,2005,2005,647,5592379,11.6,-0.00154559505409583
"Maryland",24,2006,2006,660,5627367,11.7,0.0196969696969697
"Maryland",24,2007,2007,663,5653408,11.7,0.00452488687782805
"Maryland",24,2008,2008,645,5684965,11.3,-0.027906976744186
"Maryland",24,2009,2009,572,5730388,10,-0.127622377622378
"Maryland",24,2010,2010,532,5773552,9.2,-0.075187969924812
"Maryland",24,2011,2011,522,5828289,9,-0.0191570881226054
"Maryland",24,2012,2012,571,5884563,9.7,0.0858143607705779
"Maryland",24,2013,2013,564,5928814,9.5,-0.0124113475177305
"Maryland",24,2014,2014,529,5976407,8.9,-0.0661625708884688
"Maryland",24,2015,2015,696,6006401,11.6,0.239942528735632
"Maryland",24,2016,2016,690,6016447,11.5,-0.00869565217391304
"Maryland",24,2017,2017,733,6052177,12.1,0.0586630286493861
"Maryland",24,2018,2018,697,6042718,11.5,-0.0516499282639885
"Maryland",24,2019,2019,740,6045680,12.2,0.0581081081081081
"Maryland",24,2020,2020,797,6055802,13.2,0.0715181932245922
"Maryland",24,2021,2021,906,6165129,14.7,0.120309050772627
"Massachusetts",25,1999,1999,193,6317345,3.1,NA
"Massachusetts",25,2000,2000,175,6349097,2.8,-0.102857142857143
"Massachusetts",25,2001,2001,194,6397634,3,0.0979381443298969
"Massachusetts",25,2002,2002,200,6417206,3.1,0.03
"Massachusetts",25,2003,2003,203,6422565,3.2,0.0147783251231527
"Massachusetts",25,2004,2004,205,6412281,3.2,0.00975609756097561
"Massachusetts",25,2005,2005,223,6403290,3.5,0.0807174887892377
"Massachusetts",25,2006,2006,207,6410084,3.2,-0.0772946859903382
"Massachusetts",25,2007,2007,232,6431559,3.6,0.107758620689655
"Massachusetts",25,2008,2008,218,6468967,3.4,-0.0642201834862385
"Massachusetts",25,2009,2009,203,6517613,3.1,-0.0738916256157636
"Massachusetts",25,2010,2010,267,6547629,4.1,0.239700374531835
"Massachusetts",25,2011,2011,247,6587536,3.7,-0.0809716599190283
"Massachusetts",25,2012,2012,226,6646144,3.4,-0.0929203539823009
"Massachusetts",25,2013,2013,200,6692824,3,-0.13
"Massachusetts",25,2014,2014,223,6745408,3.3,0.103139013452915
"Massachusetts",25,2015,2015,205,6794422,3,-0.0878048780487805
"Massachusetts",25,2016,2016,231,6811779,3.4,0.112554112554113
"Massachusetts",25,2017,2017,258,6859819,3.8,0.104651162790698
"Massachusetts",25,2018,2018,256,6902149,3.7,-0.0078125
"Massachusetts",25,2019,2019,242,6892503,3.5,-0.0578512396694215
"Massachusetts",25,2020,2020,267,6893574,3.9,0.0936329588014981
"Massachusetts",25,2021,2021,238,6984723,3.4,-0.121848739495798
"Michigan",26,1999,1999,1079,9897116,10.9,NA
"Michigan",26,2000,2000,1057,9938444,10.6,-0.0208136234626301
"Michigan",26,2001,2001,1063,9991120,10.6,0.00564440263405456
"Michigan",26,2002,2002,1084,10015710,10.8,0.0193726937269373
"Michigan",26,2003,2003,1019,10041152,10.1,-0.0637880274779195
"Michigan",26,2004,2004,1043,10055315,10.4,0.0230105465004794
"Michigan",26,2005,2005,1064,10051137,10.6,0.0197368421052632
"Michigan",26,2006,2006,1151,10036081,11.5,0.0755864465682016
"Michigan",26,2007,2007,1084,10001284,10.8,-0.0618081180811808
"Michigan",26,2008,2008,1076,9946889,10.8,-0.00743494423791822
"Michigan",26,2009,2009,1088,9901591,11,0.0110294117647059
"Michigan",26,2010,2010,1065,9883640,10.8,-0.0215962441314554
"Michigan",26,2011,2011,1146,9876187,11.6,0.0706806282722513
"Michigan",26,2012,2012,1214,9883360,12.3,0.0560131795716639
"Michigan",26,2013,2013,1183,9895622,12,-0.0262045646661031
"Michigan",26,2014,2014,1089,9909877,11,-0.086317722681359
"Michigan",26,2015,2015,1154,9922576,11.6,0.0563258232235702
"Michigan",26,2016,2016,1225,9928300,12.3,0.0579591836734694
"Michigan",26,2017,2017,1133,9962311,11.4,-0.0812003530450132
"Michigan",26,2018,2018,1301,9995915,13,0.12913143735588
"Michigan",26,2019,2019,1213,9986857,12.1,-0.0725474031327288
"Michigan",26,2020,2020,1450,9966555,14.5,0.163448275862069
"Michigan",26,2021,2021,1535,10050811,15.3,0.0553745928338762
"Minnesota",27,1999,1999,294,4873481,6,NA
"Minnesota",27,2000,2000,312,4919479,6.3,0.0576923076923077
"Minnesota",27,2001,2001,320,4982796,6.4,0.025
"Minnesota",27,2002,2002,303,5018935,6,-0.0561056105610561
"Minnesota",27,2003,2003,330,5053572,6.5,0.0818181818181818
"Minnesota",27,2004,2004,360,5087713,7.1,0.0833333333333333
"Minnesota",27,2005,2005,359,5119598,7,-0.00278551532033426
"Minnesota",27,2006,2006,329,5163555,6.4,-0.0911854103343465
"Minnesota",27,2007,2007,339,5207203,6.5,0.0294985250737463
"Minnesota",27,2008,2008,370,5247018,7.1,0.0837837837837838
"Minnesota",27,2009,2009,332,5281203,6.3,-0.114457831325301
"Minnesota",27,2010,2010,355,5303925,6.7,0.0647887323943662
"Minnesota",27,2011,2011,389,5344861,7.3,0.0874035989717224
"Minnesota",27,2012,2012,377,5379139,7,-0.0318302387267905
"Minnesota",27,2013,2013,423,5420380,7.8,0.108747044917258
"Minnesota",27,2014,2014,375,5457173,6.9,-0.128
"Minnesota",27,2015,2015,403,5489594,7.3,0.0694789081885856
"Minnesota",27,2016,2016,422,5519952,7.6,0.0450236966824645
"Minnesota",27,2017,2017,456,5576606,8.2,0.0745614035087719
"Minnesota",27,2018,2018,426,5611179,7.6,-0.0704225352112676
"Minnesota",27,2019,2019,454,5639632,8.1,0.0616740088105727
"Minnesota",27,2020,2020,505,5657342,8.9,0.100990099009901
"Minnesota",27,2021,2021,563,5707390,9.9,0.103019538188277
"Mississippi",28,1999,1999,509,2828408,18,NA
"Mississippi",28,2000,2000,468,2844658,16.5,-0.0876068376068376
"Mississippi",28,2001,2001,497,2852994,17.4,0.0583501006036217
"Mississippi",28,2002,2002,487,2858681,17,-0.0205338809034908
"Mississippi",28,2003,2003,474,2868312,16.5,-0.0274261603375527
"Mississippi",28,2004,2004,467,2889010,16.2,-0.0149892933618844
"Mississippi",28,2005,2005,453,2905943,15.6,-0.0309050772626932
"Mississippi",28,2006,2006,469,2904978,16.1,0.0341151385927505
"Mississippi",28,2007,2007,535,2928350,18.3,0.123364485981308
"Mississippi",28,2008,2008,561,2947806,19,0.0463458110516934
"Mississippi",28,2009,2009,485,2958774,16.4,-0.156701030927835
"Mississippi",28,2010,2010,474,2967297,16,-0.0232067510548523
"Mississippi",28,2011,2011,527,2978512,17.7,0.100569259962049
"Mississippi",28,2012,2012,530,2984926,17.8,0.00566037735849057
"Mississippi",28,2013,2013,523,2991207,17.5,-0.0133843212237094
"Mississippi",28,2014,2014,540,2994079,18,0.0314814814814815
"Mississippi",28,2015,2015,585,2992333,19.5,0.0769230769230769
"Mississippi",28,2016,2016,581,2988726,19.4,-0.00688468158347676
"Mississippi",28,2017,2017,626,2984100,21,0.0718849840255591
"Mississippi",28,2018,2018,674,2986530,22.6,0.0712166172106825
"Mississippi",28,2019,2019,705,2976149,23.7,0.0439716312056738
"Mississippi",28,2020,2020,814,2966786,27.4,0.133906633906634
"Mississippi",28,2021,2021,955,2949965,32.4,0.147643979057592
"Missouri",29,1999,1999,706,5561948,12.7,NA
"Missouri",29,2000,2000,739,5595211,13.2,0.0446549391069012
"Missouri",29,2001,2001,743,5641142,13.2,0.0053835800807537
"Missouri",29,2002,2002,693,5674825,12.2,-0.0721500721500721
"Missouri",29,2003,2003,654,5709403,11.5,-0.0596330275229358
"Missouri",29,2004,2004,663,5747741,11.5,0.0135746606334842
"Missouri",29,2005,2005,750,5790300,13,0.116
"Missouri",29,2006,2006,763,5842704,13.1,0.0170380078636959
"Missouri",29,2007,2007,752,5887612,12.8,-0.0146276595744681
"Missouri",29,2008,2008,813,5923916,13.7,0.0750307503075031
"Missouri",29,2009,2009,817,5961088,13.7,0.00489596083231334
"Missouri",29,2010,2010,840,5988927,14,0.0273809523809524
"Missouri",29,2011,2011,849,6010688,14.1,0.0106007067137809
"Missouri",29,2012,2012,879,6021988,14.6,0.0341296928327645
"Missouri",29,2013,2013,875,6044171,14.5,-0.00457142857142857
"Missouri",29,2014,2014,933,6063589,15.4,0.0621650589496249
"Missouri",29,2015,2015,1087,6083672,17.9,0.141674333026679
"Missouri",29,2016,2016,1135,6093000,18.6,0.0422907488986784
"Missouri",29,2017,2017,1301,6113532,21.3,0.127594158339739
"Missouri",29,2018,2018,1301,6126452,21.2,0
"Missouri",29,2019,2019,1246,6137428,20.3,-0.0441412520064205
"Missouri",29,2020,2020,1417,6151548,23,0.120677487649965
"Missouri",29,2021,2021,1399,6168187,22.7,-0.0128663330950679
"Montana",30,1999,1999,123,897507,13.7,NA
"Montana",30,2000,2000,132,902195,14.6,0.0681818181818182
"Montana",30,2001,2001,159,906961,17.5,0.169811320754717
"Montana",30,2002,2002,132,911667,14.5,-0.204545454545455
"Montana",30,2003,2003,145,919630,15.8,0.0896551724137931
"Montana",30,2004,2004,125,930009,13.4,-0.16
"Montana",30,2005,2005,158,940102,16.8,0.208860759493671
"Montana",30,2006,2006,118,952692,12.4,-0.338983050847458
"Montana",30,2007,2007,137,964706,14.2,0.138686131386861
"Montana",30,2008,2008,153,976415,15.7,0.104575163398693
"Montana",30,2009,2009,165,983982,16.8,0.0727272727272727
"Montana",30,2010,2010,163,989415,16.5,-0.0122699386503067
"Montana",30,2011,2011,167,998199,16.7,0.0239520958083832
"Montana",30,2012,2012,168,1005141,16.7,0.00595238095238095
"Montana",30,2013,2013,165,1015165,16.3,-0.0181818181818182
"Montana",30,2014,2014,167,1023579,16.3,0.0119760479041916
"Montana",30,2015,2015,201,1032949,19.5,0.169154228855721
"Montana",30,2016,2016,190,1042520,18.2,-0.0578947368421053
"Montana",30,2017,2017,238,1050493,22.7,0.201680672268908
"Montana",30,2018,2018,182,1062305,17.1,-0.307692307692308
"Montana",30,2019,2019,203,1068778,19,0.103448275862069
"Montana",30,2020,2020,229,1080577,21.2,0.11353711790393
"Montana",30,2021,2021,278,1104271,25.2,0.176258992805755
"Nebraska",31,1999,1999,145,1704764,8.5,NA
"Nebraska",31,2000,2000,166,1711263,9.7,0.126506024096386
"Nebraska",31,2001,2001,137,1719836,8,-0.211678832116788
"Nebraska",31,2002,2002,139,1728292,8,0.0143884892086331
"Nebraska",31,2003,2003,130,1738643,7.5,-0.0692307692307692
"Nebraska",31,2004,2004,117,1749370,6.7,-0.111111111111111
"Nebraska",31,2005,2005,133,1761497,7.6,0.120300751879699
"Nebraska",31,2006,2006,140,1772693,7.9,0.05
"Nebraska",31,2007,2007,139,1783440,7.8,-0.00719424460431655
"Nebraska",31,2008,2008,149,1796378,8.3,0.0671140939597315
"Nebraska",31,2009,2009,131,1812683,7.2,-0.137404580152672
"Nebraska",31,2010,2010,152,1826341,8.3,0.138157894736842
"Nebraska",31,2011,2011,161,1842641,8.7,0.0559006211180124
"Nebraska",31,2012,2012,167,1855525,9,0.0359281437125748
"Nebraska",31,2013,2013,167,1868516,8.9,0
"Nebraska",31,2014,2014,178,1881503,9.5,0.0617977528089888
"Nebraska",31,2015,2015,168,1896190,8.9,-0.0595238095238095
"Nebraska",31,2016,2016,164,1907116,8.6,-0.024390243902439
"Nebraska",31,2017,2017,160,1920076,8.3,-0.025
"Nebraska",31,2018,2018,182,1929268,9.4,0.120879120879121
"Nebraska",31,2019,2019,201,1934408,10.4,0.0945273631840796
"Nebraska",31,2020,2020,196,1937552,10.1,-0.0255102040816327
"Nebraska",31,2021,2021,195,1963692,9.9,-0.00512820512820513
"Nevada",32,1999,1999,367,1934718,19,NA
"Nevada",32,2000,2000,340,1998257,17,-0.0794117647058823
"Nevada",32,2001,2001,334,2098399,15.9,-0.0179640718562874
"Nevada",32,2002,2002,364,2173791,16.7,0.0824175824175824
"Nevada",32,2003,2003,368,2248850,16.4,0.0108695652173913
"Nevada",32,2004,2004,382,2346222,16.3,0.0366492146596859
"Nevada",32,2005,2005,383,2432143,15.7,0.00261096605744125
"Nevada",32,2006,2006,393,2522658,15.6,0.0254452926208651
"Nevada",32,2007,2007,410,2601072,15.8,0.0414634146341463
"Nevada",32,2008,2008,400,2653630,15.1,-0.025
"Nevada",32,2009,2009,402,2684665,15,0.00497512437810945
"Nevada",32,2010,2010,385,2700551,14.3,-0.0441558441558442
"Nevada",32,2011,2011,364,2723322,13.4,-0.0576923076923077
"Nevada",32,2012,2012,354,2758931,12.8,-0.0282485875706215
"Nevada",32,2013,2013,391,2790136,14,0.0946291560102302
"Nevada",32,2014,2014,421,2839099,14.8,0.0712589073634204
"Nevada",32,2015,2015,434,2890845,15,0.0299539170506912
"Nevada",32,2016,2016,489,2940058,16.6,0.112474437627812
"Nevada",32,2017,2017,493,2998039,16.4,0.00811359026369168
"Nevada",32,2018,2018,533,3034392,17.6,0.075046904315197
"Nevada",32,2019,2019,479,3080156,15.6,-0.112734864300626
"Nevada",32,2020,2020,529,3138259,16.9,0.0945179584120983
"Nevada",32,2021,2021,627,3143991,19.9,0.156299840510367
"New Hampshire",33,1999,1999,71,1222014,5.8,NA
"New Hampshire",33,2000,2000,79,1235786,6.4,0.10126582278481
"New Hampshire",33,2001,2001,91,1255517,7.2,0.131868131868132
"New Hampshire",33,2002,2002,74,1269089,5.8,-0.22972972972973
"New Hampshire",33,2003,2003,87,1279840,6.8,0.149425287356322
"New Hampshire",33,2004,2004,69,1290121,5.3,-0.260869565217391
"New Hampshire",33,2005,2005,88,1298492,6.8,0.215909090909091
"New Hampshire",33,2006,2006,82,1308389,6.3,-0.0731707317073171
"New Hampshire",33,2007,2007,78,1312540,5.9,-0.0512820512820513
"New Hampshire",33,2008,2008,93,1315906,7.1,0.161290322580645
"New Hampshire",33,2009,2009,89,1316102,6.8,-0.0449438202247191
"New Hampshire",33,2010,2010,116,1316470,8.8,0.232758620689655
"New Hampshire",33,2011,2011,87,1318194,6.6,-0.333333333333333
"New Hampshire",33,2012,2012,116,1320718,8.8,0.25
"New Hampshire",33,2013,2013,90,1323459,6.8,-0.288888888888889
"New Hampshire",33,2014,2014,119,1326813,9,0.243697478991597
"New Hampshire",33,2015,2015,119,1330608,8.9,0
"New Hampshire",33,2016,2016,131,1334795,9.8,0.0916030534351145
"New Hampshire",33,2017,2017,144,1342795,10.7,0.0902777777777778
"New Hampshire",33,2018,2018,150,1356458,11.1,0.04
"New Hampshire",33,2019,2019,154,1359711,11.3,0.025974025974026
"New Hampshire",33,2020,2020,124,1366275,9.1,-0.241935483870968
"New Hampshire",33,2021,2021,120,1388992,8.6,-0.0333333333333333
"New Jersey",34,1999,1999,361,8359592,4.3,NA
"New Jersey",34,2000,2000,341,8414350,4.1,-0.0586510263929619
"New Jersey",34,2001,2001,365,8492671,4.3,0.0657534246575342
"New Jersey",34,2002,2002,413,8552643,4.8,0.116222760290557
"New Jersey",34,2003,2003,450,8601402,5.2,0.0822222222222222
"New Jersey",34,2004,2004,449,8634561,5.2,-0.0022271714922049
"New Jersey",34,2005,2005,430,8651974,5,-0.0441860465116279
"New Jersey",34,2006,2006,491,8661679,5.7,0.124236252545825
"New Jersey",34,2007,2007,444,8677885,5.1,-0.105855855855856
"New Jersey",34,2008,2008,428,8711090,4.9,-0.0373831775700935
"New Jersey",34,2009,2009,408,8755602,4.7,-0.0490196078431373
"New Jersey",34,2010,2010,452,8791894,5.1,0.0973451327433628
"New Jersey",34,2011,2011,473,8821155,5.4,0.0443974630021142
"New Jersey",34,2012,2012,438,8864590,4.9,-0.0799086757990868
"New Jersey",34,2013,2013,500,8899339,5.6,0.124
"New Jersey",34,2014,2014,462,8938175,5.2,-0.0822510822510823
"New Jersey",34,2015,2015,464,8958013,5.2,0.00431034482758621
"New Jersey",34,2016,2016,482,8944469,5.4,0.037344398340249
"New Jersey",34,2017,2017,470,9005644,5.2,-0.025531914893617
"New Jersey",34,2018,2018,415,8908520,4.7,-0.132530120481928
"New Jersey",34,2019,2019,367,8882190,4.1,-0.130790190735695
"New Jersey",34,2020,2020,440,8882371,5,0.165909090909091
"New Jersey",34,2021,2021,473,9267130,5.1,0.0697674418604651
"New Mexico",35,1999,1999,284,1808082,15.7,NA
"New Mexico",35,2000,2000,285,1819046,15.7,0.00350877192982456
"New Mexico",35,2001,2001,265,1831690,14.5,-0.0754716981132075
"New Mexico",35,2002,2002,299,1855309,16.1,0.11371237458194
"New Mexico",35,2003,2003,317,1877574,16.9,0.056782334384858
"New Mexico",35,2004,2004,285,1903808,15,-0.112280701754386
"New Mexico",35,2005,2005,261,1932274,13.5,-0.0919540229885057
"New Mexico",35,2006,2006,274,1962137,14,0.0474452554744526
"New Mexico",35,2007,2007,287,1990070,14.4,0.0452961672473868
"New Mexico",35,2008,2008,288,2010662,14.3,0.00347222222222222
"New Mexico",35,2009,2009,294,2036802,14.4,0.0204081632653061
"New Mexico",35,2010,2010,287,2059179,13.9,-0.024390243902439
"New Mexico",35,2011,2011,298,2082224,14.3,0.0369127516778524
"New Mexico",35,2012,2012,315,2085538,15.1,0.053968253968254
"New Mexico",35,2013,2013,312,2085287,15,-0.00961538461538462
"New Mexico",35,2014,2014,326,2085572,15.6,0.0429447852760736
"New Mexico",35,2015,2015,372,2085109,17.8,0.123655913978495
"New Mexico",35,2016,2016,367,2081015,17.6,-0.0136239782016349
"New Mexico",35,2017,2017,376,2088070,18,0.023936170212766
"New Mexico",35,2018,2018,422,2095428,20.1,0.109004739336493
"New Mexico",35,2019,2019,456,2096829,21.7,0.0745614035087719
"New Mexico",35,2020,2020,465,2106319,22.1,0.0193548387096774
"New Mexico",35,2021,2021,552,2115877,26.1,0.157608695652174
"New York",36,1999,1999,1008,18882725,5.3,NA
"New York",36,2000,2000,1081,18976457,5.7,0.0675300647548566
"New York",36,2001,2001,1059,19082838,5.5,-0.0207743153918791
"New York",36,2002,2002,981,19137800,5.1,-0.0795107033639144
"New York",36,2003,2003,1025,19175939,5.3,0.0429268292682927
"New York",36,2004,2004,942,19171567,4.9,-0.0881104033970276
"New York",36,2005,2005,1010,19132610,5.3,0.0673267326732673
"New York",36,2006,2006,996,19104631,5.2,-0.0140562248995984
"New York",36,2007,2007,975,19132335,5.1,-0.0215384615384615
"New York",36,2008,2008,955,19212436,5,-0.0209424083769634
"New York",36,2009,2009,941,19307066,4.9,-0.0148777895855473
"New York",36,2010,2010,1003,19378102,5.2,0.061814556331007
"New York",36,2011,2011,983,19465197,5.1,-0.0203458799593082
"New York",36,2012,2012,958,19570261,4.9,-0.0260960334029228
"New York",36,2013,2013,850,19651127,4.3,-0.127058823529412
"New York",36,2014,2014,862,19746227,4.4,0.0139211136890951
"New York",36,2015,2015,839,19795791,4.2,-0.0274135876042908
"New York",36,2016,2016,887,19745289,4.5,0.0541149943630214
"New York",36,2017,2017,757,19849399,3.8,-0.171730515191546
"New York",36,2018,2018,813,19542209,4.2,0.0688806888068881
"New York",36,2019,2019,791,19453561,4.1,-0.0278128950695322
"New York",36,2020,2020,1035,19336776,5.4,0.235748792270531
"New York",36,2021,2021,1063,19835913,5.4,0.026340545625588
"North Carolina",37,1999,1999,1056,7949361,13.3,NA
"North Carolina",37,2000,2000,1110,8049313,13.8,0.0486486486486487
"North Carolina",37,2001,2001,1087,8210122,13.2,-0.0211591536338546
"North Carolina",37,2002,2002,1128,8326201,13.5,0.0363475177304965
"North Carolina",37,2003,2003,1053,8422501,12.5,-0.0712250712250712
"North Carolina",37,2004,2004,1052,8553152,12.3,-0.000950570342205323
"North Carolina",37,2005,2005,1114,8705407,12.8,0.0556552962298025
"North Carolina",37,2006,2006,1127,8917270,12.6,0.0115350488021295
"North Carolina",37,2007,2007,1111,9118037,12.2,-0.0144014401440144
"North Carolina",37,2008,2008,1157,9309449,12.4,0.0397579948141746
"North Carolina",37,2009,2009,1111,9449566,11.8,-0.0414041404140414
"North Carolina",37,2010,2010,1121,9535483,11.8,0.00892060660124889
"North Carolina",37,2011,2011,1152,9656401,11.9,0.0269097222222222
"North Carolina",37,2012,2012,1168,9752073,12,0.0136986301369863
"North Carolina",37,2013,2013,1216,9848060,12.3,0.0394736842105263
"North Carolina",37,2014,2014,1196,9943964,12,-0.0167224080267559
"North Carolina",37,2015,2015,1272,10042802,12.7,0.059748427672956
"North Carolina",37,2016,2016,1385,10146788,13.6,0.0815884476534296
"North Carolina",37,2017,2017,1413,10273419,13.8,0.0198159943382873
"North Carolina",37,2018,2018,1399,10383620,13.5,-0.0100071479628306
"North Carolina",37,2019,2019,1373,10488084,13.1,-0.0189366351056082
"North Carolina",37,2020,2020,1677,10600823,15.8,0.181276088252832
"North Carolina",37,2021,2021,1824,10551162,17.3,0.0805921052631579
"North Dakota",38,1999,1999,49,644259,7.6,NA
"North Dakota",38,2000,2000,43,642200,6.7,-0.13953488372093
"North Dakota",38,2001,2001,47,639062,7.4,0.0851063829787234
"North Dakota",38,2002,2002,58,638168,9.1,0.189655172413793
"North Dakota",38,2003,2003,56,638817,8.8,-0.0357142857142857
"North Dakota",38,2004,2004,50,644705,7.8,-0.12
"North Dakota",38,2005,2005,61,646089,9.4,0.180327868852459
"North Dakota",38,2006,2006,46,649422,7.1,-0.326086956521739
"North Dakota",38,2007,2007,57,652822,8.7,0.192982456140351
"North Dakota",38,2008,2008,58,657569,8.8,0.0172413793103448
"North Dakota",38,2009,2009,58,664968,8.7,0
"North Dakota",38,2010,2010,65,672591,9.7,0.107692307692308
"North Dakota",38,2011,2011,61,683932,8.9,-0.0655737704918033
"North Dakota",38,2012,2012,72,699628,10.3,0.152777777777778
"North Dakota",38,2013,2013,86,723393,11.9,0.162790697674419
"North Dakota",38,2014,2014,95,739482,12.8,0.0947368421052632
"North Dakota",38,2015,2015,92,756927,12.2,-0.0326086956521739
"North Dakota",38,2016,2016,90,757952,11.9,-0.0222222222222222
"North Dakota",38,2017,2017,102,755393,13.5,0.117647058823529
"North Dakota",38,2018,2018,89,760077,11.7,-0.146067415730337
"North Dakota",38,2019,2019,93,762062,12.2,0.043010752688172
"North Dakota",38,2020,2020,98,765309,12.8,0.0510204081632653
"North Dakota",38,2021,2021,128,774948,16.5,0.234375
"Ohio",39,1999,1999,927,11335454,8.2,NA
"Ohio",39,2000,2000,883,11353140,7.8,-0.0498301245753114
"Ohio",39,2001,2001,1021,11387404,9,0.135161606268364
"Ohio",39,2002,2002,1059,11407889,9.3,0.0358829084041549
"Ohio",39,2003,2003,920,11434788,8,-0.151086956521739
"Ohio",39,2004,2004,1027,11452251,9,0.104186952288218
"Ohio",39,2005,2005,1105,11463320,9.6,0.0705882352941176
"Ohio",39,2006,2006,1107,11481213,9.6,0.001806684733514
"Ohio",39,2007,2007,1095,11500468,9.5,-0.010958904109589
"Ohio",39,2008,2008,1107,11515391,9.6,0.010840108401084
"Ohio",39,2009,2009,981,11528896,8.5,-0.128440366972477
"Ohio",39,2010,2010,1138,11536504,9.9,0.137961335676626
"Ohio",39,2011,2011,1207,11544951,10.5,0.0571665285832643
"Ohio",39,2012,2012,1247,11544225,10.8,0.0320769847634322
"Ohio",39,2013,2013,1276,11570808,11,0.0227272727272727
"Ohio",39,2014,2014,1194,11594163,10.3,-0.0686767169179229
"Ohio",39,2015,2015,1379,11613423,11.9,0.134155184916606
"Ohio",39,2016,2016,1509,11614373,13,0.0861497680583168
"Ohio",39,2017,2017,1568,11658609,13.4,0.0376275510204082
"Ohio",39,2018,2018,1540,11689442,13.2,-0.0181818181818182
"Ohio",39,2019,2019,1568,11689100,13.4,0.0178571428571429
"Ohio",39,2020,2020,1754,11693217,15,0.106043329532497
"Ohio",39,2021,2021,1899,11780017,16.1,0.0763559768299105
"Oklahoma",40,1999,1999,500,3437147,14.5,NA
"Oklahoma",40,2000,2000,444,3450654,12.9,-0.126126126126126
"Oklahoma",40,2001,2001,474,3467100,13.7,0.0632911392405063
"Oklahoma",40,2002,2002,446,3489080,12.8,-0.062780269058296
"Oklahoma",40,2003,2003,440,3504892,12.6,-0.0136363636363636
"Oklahoma",40,2004,2004,448,3525233,12.7,0.0178571428571429
"Oklahoma",40,2005,2005,458,3548597,12.9,0.0218340611353712
"Oklahoma",40,2006,2006,477,3594090,13.3,0.039832285115304
"Oklahoma",40,2007,2007,477,3634349,13.1,0
"Oklahoma",40,2008,2008,508,3668976,13.8,0.0610236220472441
"Oklahoma",40,2009,2009,530,3717572,14.3,0.0415094339622641
"Oklahoma",40,2010,2010,535,3751351,14.3,0.00934579439252336
"Oklahoma",40,2011,2011,626,3791508,16.5,0.145367412140575
"Oklahoma",40,2012,2012,616,3814820,16.1,-0.0162337662337662
"Oklahoma",40,2013,2013,631,3850568,16.4,0.0237717908082409
"Oklahoma",40,2014,2014,611,3878051,15.8,-0.0327332242225859
"Oklahoma",40,2015,2015,705,3911338,18,0.133333333333333
"Oklahoma",40,2016,2016,766,3923561,19.5,0.0796344647519582
"Oklahoma",40,2017,2017,680,3930864,17.3,-0.126470588235294
"Oklahoma",40,2018,2018,665,3943079,16.9,-0.0225563909774436
"Oklahoma",40,2019,2019,737,3956971,18.6,0.0976933514246947
"Oklahoma",40,2020,2020,825,3980783,20.7,0.106666666666667
"Oklahoma",40,2021,2021,834,3986639,20.9,0.0107913669064748
"Oregon",41,1999,1999,384,3393941,11.3,NA
"Oregon",41,2000,2000,372,3421399,10.9,-0.032258064516129
"Oregon",41,2001,2001,346,3467937,10,-0.0751445086705202
"Oregon",41,2002,2002,367,3513424,10.4,0.0572207084468665
"Oregon",41,2003,2003,389,3547376,11,0.0565552699228792
"Oregon",41,2004,2004,376,3569463,10.5,-0.0345744680851064
"Oregon",41,2005,2005,386,3613202,10.7,0.0259067357512953
"Oregon",41,2006,2006,372,3670883,10.1,-0.0376344086021505
"Oregon",41,2007,2007,380,3722417,10.2,0.0210526315789474
"Oregon",41,2008,2008,379,3768748,10.1,-0.00263852242744063
"Oregon",41,2009,2009,410,3808600,10.8,0.075609756097561
"Oregon",41,2010,2010,445,3831074,11.6,0.0786516853932584
"Oregon",41,2011,2011,414,3871859,10.7,-0.0748792270531401
"Oregon",41,2012,2012,431,3899353,11.1,0.0394431554524362
"Oregon",41,2013,2013,455,3930065,11.6,0.0527472527472527
"Oregon",41,2014,2014,481,3970239,12.1,0.0540540540540541
"Oregon",41,2015,2015,475,4028977,11.8,-0.0126315789473684
"Oregon",41,2016,2016,502,4093465,12.3,0.0537848605577689
"Oregon",41,2017,2017,517,4142776,12.5,0.0290135396518375
"Oregon",41,2018,2018,504,4190713,12,-0.0257936507936508
"Oregon",41,2019,2019,554,4217737,13.1,0.0902527075812274
"Oregon",41,2020,2020,576,4241507,13.6,0.0381944444444444
"Oregon",41,2021,2021,658,4246155,15.5,0.124620060790274
"Pennsylvania",42,1999,1999,1183,12263805,9.6,NA
"Pennsylvania",42,2000,2000,1244,12281054,10.1,0.0490353697749196
"Pennsylvania",42,2001,2001,1164,12298970,9.5,-0.0687285223367698
"Pennsylvania",42,2002,2002,1211,12331031,9.8,0.0388109000825764
"Pennsylvania",42,2003,2003,1222,12374658,9.9,0.00900163666121113
"Pennsylvania",42,2004,2004,1262,12410722,10.2,0.0316957210776545
"Pennsylvania",42,2005,2005,1345,12449990,10.8,0.0617100371747212
"Pennsylvania",42,2006,2006,1360,12510809,10.9,0.0110294117647059
"Pennsylvania",42,2007,2007,1309,12563937,10.4,-0.038961038961039
"Pennsylvania",42,2008,2008,1332,12612285,10.6,0.0172672672672673
"Pennsylvania",42,2009,2009,1334,12666858,10.5,0.00149925037481259
"Pennsylvania",42,2010,2010,1300,12702379,10.2,-0.0261538461538462
"Pennsylvania",42,2011,2011,1426,12742886,11.2,0.08835904628331
"Pennsylvania",42,2012,2012,1435,12763536,11.2,0.00627177700348432
"Pennsylvania",42,2013,2013,1434,12773801,11.2,-0.000697350069735007
"Pennsylvania",42,2014,2014,1379,12787209,10.8,-0.0398839738941262
"Pennsylvania",42,2015,2015,1475,12802503,11.5,0.0650847457627119
"Pennsylvania",42,2016,2016,1540,12784227,12,0.0422077922077922
"Pennsylvania",42,2017,2017,1615,12805537,12.6,0.0464396284829721
"Pennsylvania",42,2018,2018,1637,12807060,12.8,0.0134392180818571
"Pennsylvania",42,2019,2019,1533,12801989,12,-0.0678408349641226
"Pennsylvania",42,2020,2020,1734,12783254,13.6,0.115916955017301
"Pennsylvania",42,2021,2021,1892,12964056,14.6,0.0835095137420719
"Rhode Island",44,1999,1999,56,1040402,5.4,NA
"Rhode Island",44,2000,2000,54,1048319,5.2,-0.037037037037037
"Rhode Island",44,2001,2001,46,1057142,4.4,-0.173913043478261
"Rhode Island",44,2002,2002,55,1065995,5.2,0.163636363636364
"Rhode Island",44,2003,2003,35,1071342,3.3,-0.571428571428571
"Rhode Island",44,2004,2004,40,1074579,3.7,0.125
"Rhode Island",44,2005,2005,39,1067916,3.7,-0.0256410256410256
"Rhode Island",44,2006,2006,47,1063096,4.4,0.170212765957447
"Rhode Island",44,2007,2007,37,1057315,3.5,-0.27027027027027
"Rhode Island",44,2008,2008,43,1055003,4.1,0.13953488372093
"Rhode Island",44,2009,2009,56,1053646,5.3,0.232142857142857
"Rhode Island",44,2010,2010,49,1052567,4.7,-0.142857142857143
"Rhode Island",44,2011,2011,33,1051302,3.1,-0.484848484848485
"Rhode Island",44,2012,2012,41,1050292,3.9,0.195121951219512
"Rhode Island",44,2013,2013,55,1051511,5.2,0.254545454545455
"Rhode Island",44,2014,2014,34,1055173,3.2,-0.617647058823529
"Rhode Island",44,2015,2015,51,1056298,4.8,0.333333333333333
"Rhode Island",44,2016,2016,48,1056426,4.5,-0.0625
"Rhode Island",44,2017,2017,43,1059639,4.1,-0.116279069767442
"Rhode Island",44,2018,2018,37,1057315,3.5,-0.162162162162162
"Rhode Island",44,2019,2019,48,1059361,4.5,0.229166666666667
"Rhode Island",44,2020,2020,54,1057125,5.1,0.111111111111111
"Rhode Island",44,2021,2021,63,1095610,5.8,0.142857142857143
"South Carolina",45,1999,1999,546,3974682,13.7,NA
"South Carolina",45,2000,2000,491,4012012,12.2,-0.112016293279022
"South Carolina",45,2001,2001,560,4064995,13.8,0.123214285714286
"South Carolina",45,2002,2002,566,4107795,13.8,0.0106007067137809
"South Carolina",45,2003,2003,590,4150297,14.2,0.0406779661016949
"South Carolina",45,2004,2004,568,4210921,13.5,-0.0387323943661972
"South Carolina",45,2005,2005,585,4270150,13.7,0.0290598290598291
"South Carolina",45,2006,2006,611,4357847,14,0.0425531914893617
"South Carolina",45,2007,2007,587,4444110,13.2,-0.0408858603066439
"South Carolina",45,2008,2008,611,4528996,13.5,0.0392798690671031
"South Carolina",45,2009,2009,632,4589872,13.8,0.0332278481012658
"South Carolina",45,2010,2010,642,4625364,13.9,0.0155763239875389
"South Carolina",45,2011,2011,698,4679230,14.9,0.0802292263610315
"South Carolina",45,2012,2012,737,4723723,15.6,0.0529172320217096
"South Carolina",45,2013,2013,735,4774839,15.4,-0.00272108843537415
"South Carolina",45,2014,2014,761,4832482,15.7,0.0341655716162943
"South Carolina",45,2015,2015,844,4896146,17.2,0.0983412322274882
"South Carolina",45,2016,2016,887,4961119,17.9,0.04847801578354
"South Carolina",45,2017,2017,889,5024369,17.7,0.00224971878515186
"South Carolina",45,2018,2018,891,5084127,17.5,0.00224466891133558
"South Carolina",45,2019,2019,1006,5148714,19.5,0.114314115308151
"South Carolina",45,2020,2020,1126,5218040,21.6,0.106571936056838
"South Carolina",45,2021,2021,1131,5190705,21.8,0.00442086648983201
"South Dakota",46,1999,1999,72,750412,9.6,NA
"South Dakota",46,2000,2000,56,754844,7.4,-0.285714285714286
"South Dakota",46,2001,2001,54,757972,7.1,-0.037037037037037
"South Dakota",46,2002,2002,61,760020,8,0.114754098360656
"South Dakota",46,2003,2003,71,763729,9.3,0.140845070422535
"South Dakota",46,2004,2004,76,770396,9.9,0.0657894736842105
"South Dakota",46,2005,2005,82,775493,10.6,0.0731707317073171
"South Dakota",46,2006,2006,77,783033,9.8,-0.0649350649350649
"South Dakota",46,2007,2007,51,791623,6.4,-0.509803921568627
"South Dakota",46,2008,2008,83,799124,10.4,0.385542168674699
"South Dakota",46,2009,2009,75,807067,9.3,-0.106666666666667
"South Dakota",46,2010,2010,73,814180,9,-0.0273972602739726
"South Dakota",46,2011,2011,67,824082,8.1,-0.0895522388059701
"South Dakota",46,2012,2012,84,833354,10.1,0.202380952380952
"South Dakota",46,2013,2013,76,844877,9,-0.105263157894737
"South Dakota",46,2014,2014,86,853175,10.1,0.116279069767442
"South Dakota",46,2015,2015,94,858469,10.9,0.0851063829787234
"South Dakota",46,2016,2016,103,865454,11.9,0.087378640776699
"South Dakota",46,2017,2017,97,869666,11.2,-0.0618556701030928
"South Dakota",46,2018,2018,114,882235,12.9,0.149122807017544
"South Dakota",46,2019,2019,111,884659,12.5,-0.027027027027027
"South Dakota",46,2020,2020,118,892717,13.2,0.0593220338983051
"South Dakota",46,2021,2021,124,895376,13.8,0.0483870967741935
"Tennessee",47,1999,1999,843,5638706,15,NA
"Tennessee",47,2000,2000,893,5689283,15.7,0.0559910414333707
"Tennessee",47,2001,2001,842,5750789,14.6,-0.0605700712589074
"Tennessee",47,2002,2002,902,5795918,15.6,0.0665188470066519
"Tennessee",47,2003,2003,834,5847812,14.3,-0.0815347721822542
"Tennessee",47,2004,2004,867,5910809,14.7,0.0380622837370242
"Tennessee",47,2005,2005,973,5991057,16.2,0.108941418293936
"Tennessee",47,2006,2006,938,6088766,15.4,-0.0373134328358209
"Tennessee",47,2007,2007,922,6175727,14.9,-0.017353579175705
"Tennessee",47,2008,2008,981,6247411,15.7,0.0601427115188583
"Tennessee",47,2009,2009,965,6306019,15.3,-0.016580310880829
"Tennessee",47,2010,2010,926,6346105,14.6,-0.0421166306695464
"Tennessee",47,2011,2011,941,6403353,14.7,0.0159404888416578
"Tennessee",47,2012,2012,992,6456243,15.4,0.0514112903225806
"Tennessee",47,2013,2013,1023,6495978,15.7,0.0303030303030303
"Tennessee",47,2014,2014,1013,6549352,15.5,-0.00987166831194472
"Tennessee",47,2015,2015,1066,6600299,16.2,0.049718574108818
"Tennessee",47,2016,2016,1140,6651194,17.1,0.0649122807017544
"Tennessee",47,2017,2017,1229,6715984,18.3,0.0724165988608625
"Tennessee",47,2018,2018,1219,6770010,18,-0.00820344544708778
"Tennessee",47,2019,2019,1257,6829174,18.4,0.030230708035004
"Tennessee",47,2020,2020,1457,6886834,21.2,0.137268359643102
"Tennessee",47,2021,2021,1564,6975218,22.4,0.0684143222506394
"Texas",48,1999,1999,2107,20558220,10.2,NA
"Texas",48,2000,2000,2145,20851820,10.3,0.0177156177156177
"Texas",48,2001,2001,2321,21319622,10.9,0.0758293838862559
"Texas",48,2002,2002,2273,21690325,10.5,-0.0211174659040915
"Texas",48,2003,2003,2395,22030931,10.9,0.0509394572025052
"Texas",48,2004,2004,2323,22394023,10.4,-0.0309944037882049
"Texas",48,2005,2005,2465,22778123,10.8,0.057606490872211
"Texas",48,2006,2006,2402,23359580,10.3,-0.0262281432139883
"Texas",48,2007,2007,2537,23831983,10.6,0.053212455656287
"Texas",48,2008,2008,2574,24309039,10.6,0.0143745143745144
"Texas",48,2009,2009,2665,24801761,10.7,0.0341463414634146
"Texas",48,2010,2010,2693,25145561,10.7,0.0103973264017824
"Texas",48,2011,2011,2574,25674681,10,-0.0462315462315462
"Texas",48,2012,2012,2715,26059203,10.4,0.0519337016574586
"Texas",48,2013,2013,2750,26448193,10.4,0.0127272727272727
"Texas",48,2014,2014,2824,26956958,10.5,0.0262039660056657
"Texas",48,2015,2015,3179,27469114,11.6,0.111670336583831
"Texas",48,2016,2016,3318,27862596,11.9,0.0418927064496685
"Texas",48,2017,2017,3476,28304596,12.3,0.0454545454545455
"Texas",48,2018,2018,3483,28701845,12.1,0.00200976169968418
"Texas",48,2019,2019,3631,28995881,12.5,0.0407601211787386
"Texas",48,2020,2020,4113,29360759,14,0.117189399465111
"Texas",48,2021,2021,4575,29527941,15.5,0.100983606557377
"Utah",49,1999,1999,186,2203482,8.4,NA
"Utah",49,2000,2000,192,2233169,8.6,0.03125
"Utah",49,2001,2001,226,2283715,9.9,0.150442477876106
"Utah",49,2002,2002,201,2324815,8.6,-0.124378109452736
"Utah",49,2003,2003,227,2360137,9.6,0.114537444933921
"Utah",49,2004,2004,220,2401580,9.2,-0.0318181818181818
"Utah",49,2005,2005,226,2457719,9.2,0.0265486725663717
"Utah",49,2006,2006,222,2525507,8.8,-0.018018018018018
"Utah",49,2007,2007,241,2597746,9.3,0.0788381742738589
"Utah",49,2008,2008,231,2663029,8.7,-0.0432900432900433
"Utah",49,2009,2009,253,2723421,9.3,0.0869565217391304
"Utah",49,2010,2010,308,2763885,11.1,0.178571428571429
"Utah",49,2011,2011,298,2817222,10.6,-0.0335570469798658
"Utah",49,2012,2012,319,2855287,11.2,0.0658307210031348
"Utah",49,2013,2013,334,2900872,11.5,0.0449101796407186
"Utah",49,2014,2014,323,2942902,11,-0.0340557275541796
"Utah",49,2015,2015,359,2995919,12,0.100278551532033
"Utah",49,2016,2016,363,3051217,11.9,0.0110192837465565
"Utah",49,2017,2017,404,3101833,13,0.101485148514851
"Utah",49,2018,2018,379,3161105,12,-0.0659630606860158
"Utah",49,2019,2019,388,3205958,12.1,0.0231958762886598
"Utah",49,2020,2020,417,3249879,12.8,0.0695443645083933
"Utah",49,2021,2021,444,3337975,13.3,0.0608108108108108
"Vermont",50,1999,1999,57,604683,9.4,NA
"Vermont",50,2000,2000,53,608827,8.7,-0.0754716981132075
"Vermont",50,2001,2001,49,612223,8,-0.0816326530612245
"Vermont",50,2002,2002,61,615442,9.9,0.19672131147541
"Vermont",50,2003,2003,47,617858,7.6,-0.297872340425532
"Vermont",50,2004,2004,61,619920,9.8,0.229508196721311
"Vermont",50,2005,2005,43,621215,6.9,-0.418604651162791
"Vermont",50,2006,2006,53,622892,8.5,0.188679245283019
"Vermont",50,2007,2007,52,623481,8.3,-0.0192307692307692
"Vermont",50,2008,2008,53,624151,8.5,0.0188679245283019
"Vermont",50,2009,2009,60,624817,9.6,0.116666666666667
"Vermont",50,2010,2010,70,625741,11.2,0.142857142857143
"Vermont",50,2011,2011,78,626431,12.5,0.102564102564103
"Vermont",50,2012,2012,55,626011,8.8,-0.418181818181818
"Vermont",50,2013,2013,64,626630,10.2,0.140625
"Vermont",50,2014,2014,69,626562,11,0.072463768115942
"Vermont",50,2015,2015,70,626042,11.2,0.0142857142857143
"Vermont",50,2016,2016,76,624594,12.2,0.0789473684210526
"Vermont",50,2017,2017,70,623657,11.2,-0.0857142857142857
"Vermont",50,2018,2018,80,626299,12.8,0.125
"Vermont",50,2019,2019,64,623989,10.3,-0.25
"Vermont",50,2020,2020,76,623347,12.2,0.157894736842105
"Vermont",50,2021,2021,82,645570,12.7,0.0731707317073171
"Virginia",51,1999,1999,814,7000174,11.6,NA
"Virginia",51,2000,2000,789,7078515,11.1,-0.0316856780735108
"Virginia",51,2001,2001,761,7198362,10.6,-0.0367936925098555
"Virginia",51,2002,2002,800,7286873,11,0.04875
"Virginia",51,2003,2003,805,7366977,10.9,0.0062111801242236
"Virginia",51,2004,2004,810,7475575,10.8,0.00617283950617284
"Virginia",51,2005,2005,880,7577105,11.6,0.0795454545454545
"Virginia",51,2006,2006,802,7673725,10.5,-0.0972568578553616
"Virginia",51,2007,2007,812,7751000,10.5,0.0123152709359606
"Virginia",51,2008,2008,806,7833496,10.3,-0.00744416873449132
"Virginia",51,2009,2009,820,7925937,10.3,0.0170731707317073
"Virginia",51,2010,2010,864,8001024,10.8,0.0509259259259259
"Virginia",51,2011,2011,853,8096604,10.5,-0.0128956623681125
"Virginia",51,2012,2012,828,8185867,10.1,-0.0301932367149758
"Virginia",51,2013,2013,855,8260405,10.4,0.0315789473684211
"Virginia",51,2014,2014,877,8326289,10.5,0.0250855188141391
"Virginia",51,2015,2015,934,8382993,11.1,0.0610278372591006
"Virginia",51,2016,2016,1038,8411808,12.3,0.10019267822736
"Virginia",51,2017,2017,1028,8470020,12.1,-0.00972762645914397
"Virginia",51,2018,2018,1030,8517685,12.1,0.00194174757281553
"Virginia",51,2019,2019,1019,8535519,11.9,-0.0107948969578018
"Virginia",51,2020,2020,1167,8590563,13.6,0.126820908311911
"Virginia",51,2021,2021,1244,8642274,14.4,0.0618971061093248
"Washington",53,1999,1999,577,5842564,9.9,NA
"Washington",53,2000,2000,519,5894121,8.8,-0.111753371868979
"Washington",53,2001,2001,504,5985722,8.4,-0.0297619047619048
"Washington",53,2002,2002,560,6052349,9.3,0.1
"Washington",53,2003,2003,559,6104115,9.2,-0.00178890876565295
"Washington",53,2004,2004,561,6178645,9.1,0.0035650623885918
"Washington",53,2005,2005,555,6257305,8.9,-0.0108108108108108
"Washington",53,2006,2006,537,6370753,8.4,-0.0335195530726257
"Washington",53,2007,2007,542,6461587,8.4,0.00922509225092251
"Washington",53,2008,2008,578,6562231,8.8,0.0622837370242214
"Washington",53,2009,2009,601,6667426,9,0.0382695507487521
"Washington",53,2010,2010,594,6724540,8.8,-0.0117845117845118
"Washington",53,2011,2011,598,6830038,8.8,0.00668896321070234
"Washington",53,2012,2012,665,6897012,9.6,0.100751879699248
"Washington",53,2013,2013,613,6971406,8.8,-0.0848287112561175
"Washington",53,2014,2014,680,7061530,9.6,0.0985294117647059
"Washington",53,2015,2015,705,7170351,9.8,0.0354609929078014
"Washington",53,2016,2016,667,7288000,9.2,-0.0569715142428786
"Washington",53,2017,2017,818,7405743,11,0.184596577017115
"Washington",53,2018,2018,787,7535591,10.4,-0.0393900889453621
"Washington",53,2019,2019,814,7614893,10.7,0.0331695331695332
"Washington",53,2020,2020,840,7693612,10.9,0.030952380952381
"Washington",53,2021,2021,889,7738692,11.5,0.0551181102362205
"West Virginia",54,1999,1999,249,1811799,13.7,NA
"West Virginia",54,2000,2000,239,1808344,13.2,-0.0418410041841004
"West Virginia",54,2001,2001,248,1801481,13.8,0.0362903225806452
"West Virginia",54,2002,2002,270,1805414,15,0.0814814814814815
"West Virginia",54,2003,2003,264,1812295,14.6,-0.0227272727272727
"West Virginia",54,2004,2004,250,1816438,13.8,-0.056
"West Virginia",54,2005,2005,260,1820492,14.3,0.0384615384615385
"West Virginia",54,2006,2006,251,1827912,13.7,-0.0358565737051793
"West Virginia",54,2007,2007,266,1834052,14.5,0.056390977443609
"West Virginia",54,2008,2008,236,1840310,12.8,-0.127118644067797
"West Virginia",54,2009,2009,251,1847775,13.6,0.0597609561752988
"West Virginia",54,2010,2010,269,1852994,14.5,0.0669144981412639
"West Virginia",54,2011,2011,272,1855364,14.7,0.0110294117647059
"West Virginia",54,2012,2012,269,1855413,14.5,-0.0111524163568773
"West Virginia",54,2013,2013,273,1854304,14.7,0.0146520146520147
"West Virginia",54,2014,2014,279,1850326,15.1,0.021505376344086
"West Virginia",54,2015,2015,270,1844128,14.6,-0.0333333333333333
"West Virginia",54,2016,2016,321,1831102,17.5,0.158878504672897
"West Virginia",54,2017,2017,343,1815857,18.9,0.0641399416909621
"West Virginia",54,2018,2018,339,1805832,18.8,-0.0117994100294985
"West Virginia",54,2019,2019,294,1792147,16.4,-0.153061224489796
"West Virginia",54,2020,2020,320,1784787,17.9,0.08125
"West Virginia",54,2021,2021,318,1782959,17.8,-0.00628930817610063
"Wisconsin",55,1999,1999,445,5332666,8.3,NA
"Wisconsin",55,2000,2000,429,5363675,8,-0.0372960372960373
"Wisconsin",55,2001,2001,470,5406835,8.7,0.0872340425531915
"Wisconsin",55,2002,2002,438,5445162,8,-0.0730593607305936
"Wisconsin",55,2003,2003,462,5479203,8.4,0.051948051948052
"Wisconsin",55,2004,2004,411,5514026,7.5,-0.124087591240876
"Wisconsin",55,2005,2005,470,5546166,8.5,0.125531914893617
"Wisconsin",55,2006,2006,415,5577655,7.4,-0.132530120481928
"Wisconsin",55,2007,2007,482,5610775,8.6,0.139004149377593
"Wisconsin",55,2008,2008,435,5640996,7.7,-0.108045977011494
"Wisconsin",55,2009,2009,453,5669264,8,0.0397350993377483
"Wisconsin",55,2010,2010,492,5686986,8.7,0.0792682926829268
"Wisconsin",55,2011,2011,442,5711767,7.7,-0.113122171945701
"Wisconsin",55,2012,2012,477,5726398,8.3,0.0733752620545073
"Wisconsin",55,2013,2013,563,5742713,9.8,0.152753108348135
"Wisconsin",55,2014,2014,481,5757564,8.4,-0.17047817047817
"Wisconsin",55,2015,2015,608,5771337,10.5,0.208881578947368
"Wisconsin",55,2016,2016,656,5778708,11.4,0.0731707317073171
"Wisconsin",55,2017,2017,608,5795483,10.5,-0.0789473684210526
"Wisconsin",55,2018,2018,586,5813568,10.1,-0.037542662116041
"Wisconsin",55,2019,2019,589,5822434,10.1,0.00509337860780985
"Wisconsin",55,2020,2020,708,5832655,12.1,0.168079096045198
"Wisconsin",55,2021,2021,785,5895908,13.3,0.0980891719745223
"Wyoming",56,1999,1999,72,491780,14.6,NA
"Wyoming",56,2000,2000,58,493782,11.7,-0.241379310344828
"Wyoming",56,2001,2001,69,494657,13.9,0.159420289855072
"Wyoming",56,2002,2002,95,500017,19,0.273684210526316
"Wyoming",56,2003,2003,87,503453,17.3,-0.0919540229885057
"Wyoming",56,2004,2004,55,509106,10.8,-0.581818181818182
"Wyoming",56,2005,2005,71,514157,13.8,0.225352112676056
"Wyoming",56,2006,2006,80,522667,15.3,0.1125
"Wyoming",56,2007,2007,75,534876,14,-0.0666666666666667
"Wyoming",56,2008,2008,93,546043,17,0.193548387096774
"Wyoming",56,2009,2009,96,559851,17.1,0.03125
"Wyoming",56,2010,2010,92,563626,16.3,-0.0434782608695652
"Wyoming",56,2011,2011,96,568158,16.9,0.0416666666666667
"Wyoming",56,2012,2012,117,576412,20.3,0.179487179487179
"Wyoming",56,2013,2013,102,582658,17.5,-0.147058823529412
"Wyoming",56,2014,2014,91,584153,15.6,-0.120879120879121
"Wyoming",56,2015,2015,112,586107,19.1,0.1875
"Wyoming",56,2016,2016,101,585501,17.3,-0.108910891089109
"Wyoming",56,2017,2017,112,579315,19.3,0.0982142857142857
"Wyoming",56,2018,2018,123,577737,21.3,0.0894308943089431
"Wyoming",56,2019,2019,131,578759,22.6,0.0610687022900763
"Wyoming",56,2020,2020,151,582328,25.9,0.132450331125828
"Wyoming",56,2021,2021,152,578803,26.3,0.00657894736842105
